epoch,accuracy,learning_rate,loss,val_accuracy,val_loss
0,0.9667328596115112,0.0010000000474974513,0.08872215449810028,0.9616148471832275,0.10881764441728592
